MesatarjaENotaveVitinParaprak,Mesatarja Tani,MungesatVitinParaprak,MungesatTani,NotaESjelljesVitinParaprak,NotaESjelljesTani,DetyratEPerfunduara,NderveprimiMeOER,KaRenie
1,3,19,3,5,2,64,64,0
3,5,34,6,3,4,79,87,0
3,1,17,50,3,3,5,13,1
3,3,25,45,3,3,64,52,1
4,3,9,37,4,5,57,64,1
2,3,15,14,4,2,67,54,0
5,5,29,24,3,3,78,76,0
4,3,28,29,1,5,69,61,1
4,5,45,40,3,5,97,76,0
2,4,19,2,4,3,82,90,0
3,3,36,3,1,2,71,65,0
5,5,34,11,2,3,95,85,0
3,4,36,11,2,5,78,91,0
2,5,41,27,3,2,57,55,0
3,3,13,13,2,4,96,77,0
4,4,7,12,1,5,71,68,1
3,3,37,15,5,2,61,62,0
5,3,30,32,1,2,29,39,1
3,5,15,1,1,3,94,88,0
3,2,28,38,5,5,6,1,1
4,1,1,56,3,5,5,33,1
2,4,29,24,2,5,92,93,0
3,3,11,45,1,4,51,63,1
5,3,22,37,4,3,59,65,1
3,5,31,4,5,1,57,66,0
4,2,2,56,3,5,41,36,1
4,4,2,3,1,4,94,91,0
5,5,20,15,2,2,63,54,0
4,4,30,36,3,4,74,63,1
5,1,22,44,3,4,26,29,1
2,2,54,31,2,2,68,75,0
5,1,6,34,5,3,18,36,1
5,3,21,32,4,5,53,72,1
5,5,41,10,5,3,84,90,0
3,4,28,18,3,4,100,94,0
5,2,15,31,5,5,35,12,1
3,5,8,6,2,3,99,90,0
4,2,6,24,2,5,29,39,1
3,4,12,7,4,4,76,94,0
3,3,8,6,1,3,100,100,0
2,5,56,9,4,2,72,74,0
4,2,28,40,4,1,31,20,1
5,5,10,1,2,5,84,90,0
3,3,2,1,1,4,79,97,0
3,5,43,18,5,1,59,73,0
3,2,16,22,1,2,25,12,1
3,1,22,39,1,5,4,36,1
3,4,22,3,5,1,68,61,0
3,2,19,42,2,2,6,4,1
3,2,13,32,3,2,40,17,1
2,5,44,9,1,2,68,57,0
3,2,4,7,2,1,49,23,1
5,5,56,6,5,1,57,74,0
4,5,33,13,1,4,98,94,0
4,4,35,14,5,5,92,99,0
5,1,29,49,5,2,21,42,1
3,1,16,35,4,3,49,17,1
5,5,40,25,4,2,69,68,0
4,1,23,35,3,5,17,23,1
5,5,34,21,3,5,88,92,0
3,5,47,39,3,5,82,80,0
5,3,15,31,5,5,67,53,1
1,3,51,49,5,3,91,100,0
5,5,17,5,4,1,70,51,0
5,2,10,54,1,3,3,6,1
5,5,30,3,3,2,61,57,0
2,5,39,28,5,3,93,86,0
2,4,27,1,5,2,54,61,0
4,3,17,34,2,5,67,56,1
4,5,57,13,3,2,55,57,0
3,5,51,49,3,4,87,86,0
5,5,24,22,2,2,66,56,0
4,4,13,49,5,4,74,75,1
3,4,50,39,3,4,95,76,0
4,4,25,56,1,2,26,49,1
2,2,54,15,5,3,55,55,0
5,1,11,50,1,3,20,24,1
2,5,23,18,1,3,96,87,0
3,4,33,10,4,3,86,91,0
1,1,60,26,1,4,75,73,0
4,4,37,35,4,1,58,63,0
2,4,33,34,4,2,52,75,0
3,3,10,39,3,3,53,72,1
5,5,26,7,1,3,81,86,0
3,3,19,5,3,3,98,83,0
5,2,11,47,3,5,17,35,1
3,4,35,18,3,4,80,94,0
2,5,28,11,3,2,72,65,0
5,2,2,7,5,5,38,19,1
1,3,30,18,4,5,78,100,0
3,1,29,44,5,5,11,37,1
1,4,12,5,3,3,100,79,0
5,3,13,41,1,4,74,69,1
3,3,26,53,1,3,62,59,1
5,5,35,27,1,2,74,51,0
3,3,6,8,4,4,61,54,1
5,5,49,9,5,1,60,63,0
5,2,15,32,2,1,25,40,1
1,2,12,11,4,2,67,68,0
2,3,41,3,1,1,69,55,0
5,1,20,52,4,5,23,39,1
5,4,19,38,3,5,61,63,1
4,3,14,38,2,1,32,36,1
5,1,10,40,1,4,5,1,1
4,1,21,47,4,1,1,40,1
3,3,11,40,4,5,57,69,1
3,1,4,7,1,1,6,41,1
2,2,29,3,5,5,59,72,0
5,1,2,26,1,5,23,47,1
4,4,24,52,5,5,65,66,1
3,5,12,2,5,1,71,61,0
5,5,13,31,3,3,57,64,1
2,4,4,5,5,4,90,91,0
4,4,9,4,2,2,71,72,0
4,4,23,54,2,2,34,11,1
5,5,13,11,2,5,81,92,0
5,5,60,17,1,2,69,65,0
5,5,8,8,4,3,78,97,0
5,3,19,24,3,2,10,25,1
3,5,8,3,2,5,88,99,0
1,3,24,13,2,5,94,92,0
3,3,9,48,1,3,63,75,1
4,4,46,7,5,3,94,79,0
3,2,25,38,5,2,8,21,1
4,4,18,21,4,5,53,72,1
1,5,56,2,4,2,57,74,0
5,5,19,12,1,1,69,53,0
4,4,9,14,4,2,11,15,1
5,5,19,55,5,4,68,52,1
3,1,25,53,5,3,33,50,1
4,2,28,49,5,2,25,12,1
5,5,24,25,1,3,94,96,0
3,3,28,30,3,3,72,57,1
3,3,21,57,5,1,39,45,1
3,4,59,39,2,5,90,78,0
2,3,15,12,1,5,77,93,0
5,5,29,6,5,1,69,51,0
3,1,5,32,1,4,22,2,1
5,5,25,8,5,4,90,76,0
1,5,2,1,5,2,57,60,0
4,3,23,34,3,5,54,58,1
2,4,57,58,4,2,71,68,0
2,3,8,1,4,3,76,89,0
3,2,10,40,2,3,45,5,1
4,3,5,48,2,4,57,65,1
2,4,10,3,1,4,98,79,0
1,4,5,5,2,1,69,51,0
5,5,11,11,2,5,92,91,0
3,1,25,50,2,3,7,21,1
3,5,28,21,3,1,66,60,0
4,5,32,15,5,5,76,95,0
4,1,30,41,4,2,39,13,1
2,4,37,7,3,5,88,85,0
4,3,4,36,4,2,49,19,1
3,2,11,47,5,3,3,33,1
2,3,11,1,3,1,57,66,0
4,5,53,36,4,5,76,99,0
1,4,14,4,5,5,99,90,0
5,5,54,33,4,5,94,76,0
5,5,58,21,5,2,56,74,0
2,2,34,21,1,4,68,55,0
2,2,58,36,2,2,66,60,0
3,3,20,50,1,1,9,47,1
5,5,27,28,2,4,92,76,0
5,1,8,36,2,4,27,42,1
1,3,17,9,2,1,63,70,0
3,2,9,19,1,2,48,20,1
4,2,18,35,5,2,29,46,1
5,5,12,11,1,4,97,77,0
3,3,53,16,4,3,97,83,0
4,4,42,12,5,2,71,72,0
4,4,18,14,2,4,99,83,0
4,1,24,27,3,5,47,25,1
3,3,16,60,4,3,68,71,1
4,4,26,34,1,2,27,37,1
2,5,36,29,1,4,87,88,0
5,5,29,6,3,1,75,74,0
5,1,22,47,2,3,21,25,1
5,3,30,47,5,4,62,68,1
1,1,29,5,1,1,63,70,0
4,5,37,20,4,1,51,67,0
5,5,24,57,2,4,65,70,1
3,1,29,60,3,3,2,10,1
4,5,2,2,1,4,100,87,0
4,5,45,37,1,5,91,81,0
1,4,5,3,4,5,91,99,0
3,1,30,54,4,2,30,22,1
3,4,5,5,5,1,65,53,0
3,3,8,10,5,5,66,52,1
3,4,17,13,2,2,74,51,0
3,3,37,2,3,1,66,67,0
3,1,24,58,3,4,28,30,1
4,4,19,56,4,3,67,67,1
3,2,23,41,2,1,23,21,1
2,5,59,41,2,2,55,59,0
3,1,19,31,1,4,14,31,1
3,3,35,20,2,3,84,94,0
4,5,24,22,1,1,75,60,0
4,1,3,48,2,4,18,37,1
2,2,39,26,2,3,71,66,0
4,2,30,54,1,3,31,40,1
4,4,43,16,3,1,56,61,0
2,3,24,12,4,1,65,55,0
3,1,3,16,1,5,29,11,1
4,4,36,2,3,2,68,71,0
3,2,16,21,1,4,10,50,1
4,4,35,14,1,3,81,79,0
5,3,8,58,2,1,49,8,1
3,1,13,30,2,5,32,29,1
4,4,30,31,4,2,37,19,1
3,3,24,6,4,3,78,78,0
3,3,44,34,3,2,51,70,0
4,4,16,4,3,1,73,56,0
3,1,1,48,4,3,29,10,1
5,5,29,19,3,2,62,72,0
4,2,18,37,5,1,3,28,1
5,1,30,35,1,3,42,44,1
5,4,19,20,4,5,53,63,1
4,4,8,30,4,2,36,5,1
5,5,38,20,2,1,52,75,0
3,2,20,60,2,3,3,24,1
3,3,20,56,3,2,3,19,1
4,2,6,60,2,4,29,18,1
5,4,29,49,1,4,52,72,1
5,3,17,56,3,2,14,17,1
5,5,60,12,2,3,83,97,0
3,3,22,55,1,5,52,61,1
2,2,10,9,3,1,71,61,0
3,3,16,46,5,4,69,58,1
4,4,29,8,5,1,70,51,0
3,1,10,46,1,3,34,1,1
3,1,21,39,5,5,32,36,1
4,4,25,27,1,4,55,55,1
2,4,24,4,3,1,69,72,0
3,5,26,9,2,3,91,99,0
2,2,21,13,2,4,58,55,0
5,4,9,42,2,1,11,28,1
5,3,22,48,4,2,21,49,1
3,4,47,5,3,1,68,63,0
5,4,26,51,2,4,70,71,1
4,3,10,49,1,3,62,63,1
3,3,13,24,4,4,56,59,1
3,1,13,25,5,1,45,26,1
3,2,14,32,3,1,39,28,1
1,4,58,48,5,3,100,95,0
5,5,37,2,1,3,99,81,0
4,5,23,14,1,5,90,82,0
2,4,60,53,4,2,71,70,0
3,1,29,60,2,4,24,25,1
4,4,20,52,2,2,28,46,1
4,2,22,47,2,1,12,6,1
4,2,28,41,4,4,26,4,1
2,3,45,8,4,3,79,80,0
4,4,18,28,1,2,25,33,1
4,5,28,1,1,4,85,80,0
4,1,25,33,3,4,1,43,1
5,3,22,59,3,1,29,3,1
5,5,42,17,2,3,77,79,0
5,1,30,46,3,4,39,16,1
4,4,9,58,3,1,12,7,1
3,3,18,22,1,4,64,68,1
4,3,16,17,5,5,71,63,1
2,2,33,31,4,2,62,71,0
5,5,54,20,2,1,53,73,0
3,3,19,47,2,2,37,26,1
3,2,9,30,2,3,9,1,1
3,2,26,58,2,4,17,35,1
4,1,17,43,4,2,26,25,1
4,5,3,4,5,4,86,76,0
5,5,3,5,3,2,35,18,1
4,2,30,50,5,4,16,26,1
5,5,22,60,1,2,7,22,1
3,2,27,56,4,3,8,16,1
3,1,18,41,2,3,7,16,1
5,1,9,51,2,4,45,40,1
1,3,39,15,3,2,54,69,0
4,3,25,47,3,3,67,63,1
3,1,13,31,2,5,45,15,1
3,4,28,2,5,1,66,55,0
4,5,38,31,5,1,75,59,0
2,5,17,16,3,1,70,55,0
5,5,19,44,1,2,10,36,1
3,2,6,28,3,1,9,6,1
3,2,8,16,3,5,38,33,1
5,4,1,43,2,1,12,8,1
4,1,19,38,2,1,45,15,1
3,1,7,31,5,2,46,14,1
4,4,6,50,3,1,47,16,1
5,1,14,30,5,4,3,35,1
5,3,11,28,3,5,64,68,1
3,2,12,14,3,2,34,30,1
3,1,15,42,2,3,23,24,1
5,4,18,27,1,5,63,65,1
4,5,9,9,5,5,93,89,0
5,1,28,29,5,4,48,43,1
4,4,22,46,2,3,55,57,1
3,5,53,43,4,4,96,93,0
1,3,37,19,1,2,62,58,0
5,5,8,52,5,3,62,51,1
3,1,12,59,1,2,14,38,1
5,2,19,31,3,5,18,40,1
5,5,43,39,2,3,79,81,0
3,3,2,58,4,5,57,54,1
3,2,9,42,4,1,14,11,1
1,2,32,24,1,4,67,67,0
3,3,13,11,4,5,98,94,0
3,5,56,18,2,2,51,54,0
2,5,42,41,5,5,85,85,0
1,2,55,37,5,1,73,72,0
5,2,10,42,3,5,30,39,1
2,4,50,26,2,3,100,88,0
4,2,13,56,5,5,48,17,1
5,4,8,37,2,1,20,16,1
3,4,57,45,5,1,56,68,0
3,5,44,12,3,5,82,89,0
5,5,12,25,1,3,59,67,1
5,4,29,60,5,3,63,64,1
3,5,31,10,2,1,70,68,0
1,1,1,2,3,3,61,73,0
4,5,41,28,1,3,76,95,0
4,2,24,53,4,5,11,21,1
4,4,14,26,3,4,52,52,1
3,3,13,18,5,1,6,37,1
2,4,10,6,1,1,69,55,0
5,5,50,48,4,4,100,95,0
1,2,13,7,4,3,51,65,0
3,3,28,41,2,3,51,56,1
5,5,37,24,1,2,67,57,0
3,5,3,3,4,2,62,74,0
3,2,5,39,3,1,3,28,1
5,1,18,46,3,3,45,33,1
5,5,59,4,5,1,72,60,0
3,3,44,45,2,5,76,76,0
5,3,22,44,5,3,72,58,1
4,4,5,1,2,2,60,61,0
4,4,16,41,4,1,1,29,1
2,2,39,29,5,5,59,74,0
4,3,26,47,5,2,38,46,1
5,2,29,48,2,3,23,17,1
2,4,12,8,1,3,92,89,0
1,4,22,1,3,2,75,55,0
1,5,18,6,2,4,91,90,0
3,2,17,48,1,5,30,46,1
3,4,52,15,5,1,71,55,0
5,5,1,41,4,3,62,58,1
2,5,31,19,1,5,97,94,0
4,1,20,31,1,2,38,27,1
5,3,11,56,4,2,27,46,1
5,5,48,7,3,5,86,90,0
5,1,26,51,5,3,33,36,1
3,3,16,21,4,5,58,69,1
2,2,39,23,4,5,52,69,0
3,1,10,60,2,4,40,21,1
4,4,21,17,5,1,60,65,0
5,1,12,60,5,1,17,3,1
3,2,11,48,5,1,3,19,1
1,4,16,6,5,5,79,77,0
2,4,10,1,1,3,100,86,0
5,5,35,3,5,2,61,57,0
3,3,42,13,4,5,87,80,0
1,2,50,41,3,1,56,56,0
4,2,8,31,2,3,12,26,1
3,4,4,1,2,5,99,97,0
5,4,28,32,4,5,53,72,1
4,4,24,39,3,1,39,45,1
3,2,20,21,5,1,17,9,1
5,2,12,13,4,5,30,30,1
3,2,2,19,5,1,38,12,1
5,3,21,58,5,1,13,25,1
3,1,22,26,4,4,50,4,1
3,4,56,36,2,2,51,55,0
4,5,18,11,1,2,74,74,0
5,5,1,1,3,3,82,79,0
1,1,43,17,2,5,70,69,0
3,2,5,18,4,2,16,9,1
5,5,30,9,2,2,53,64,0
3,5,27,28,2,4,83,86,0
5,5,23,18,5,1,55,67,0
3,5,23,13,4,1,69,74,0
3,3,23,40,2,4,75,60,1
5,3,20,32,5,3,51,56,1
1,1,15,10,3,5,56,72,0
5,3,26,52,2,1,23,26,1
5,2,8,23,3,1,47,23,1
4,5,48,19,2,4,96,85,0
4,3,13,48,1,5,60,73,1
4,4,13,6,5,1,73,57,0
3,5,9,8,4,4,76,79,0
5,3,7,35,3,1,6,19,1
5,5,32,30,4,1,63,51,0
4,4,27,32,2,2,6,37,1
3,2,27,58,3,3,36,36,1
3,5,21,8,1,4,92,82,0
5,5,60,30,2,1,65,59,0
2,2,57,23,3,1,59,68,0
3,5,26,24,1,3,85,84,0
5,3,8,60,2,2,48,26,1
2,5,26,21,4,4,83,77,0
5,1,12,34,1,2,1,22,1
4,4,23,19,2,2,74,54,0
5,3,13,26,2,4,70,58,1
3,3,26,42,1,4,61,65,1
4,5,44,10,2,2,54,59,0
4,5,4,4,1,4,87,77,0
5,5,23,35,1,1,42,30,1
3,1,14,49,5,2,5,47,1
3,1,8,50,1,4,31,9,1
4,4,29,35,1,3,60,53,1
5,1,27,52,1,2,22,19,1
3,3,3,17,1,4,68,58,1
4,4,14,55,1,1,50,10,1
2,4,44,12,1,1,57,60,0
3,2,15,31,4,4,33,10,1
4,5,30,18,4,3,78,100,0
5,5,3,3,3,4,98,93,0
1,5,31,4,2,3,95,99,0
2,4,16,10,5,4,100,81,0
5,5,16,51,3,4,66,61,1
5,4,29,44,3,5,71,57,1
3,5,15,10,1,4,100,76,0
1,5,45,42,1,1,51,54,0
4,5,10,5,2,3,90,81,0
2,2,52,40,5,1,71,52,0
3,4,17,13,5,3,85,77,0
3,4,21,20,4,2,73,63,0
4,1,21,43,2,4,42,13,1
1,2,48,3,2,5,63,55,0
3,2,13,19,3,5,15,27,1
5,2,12,55,5,5,23,43,1
4,1,20,51,4,4,23,2,1
5,5,55,12,4,5,78,84,0
5,5,59,29,4,2,75,53,0
3,1,21,29,1,2,42,20,1
5,5,9,2,2,4,83,86,0
3,1,22,47,5,2,33,16,1
2,5,36,33,2,1,58,57,0
4,1,21,41,3,3,12,37,1
3,2,12,28,3,5,36,13,1
5,1,28,40,1,2,49,41,1
4,5,54,10,5,3,81,77,0
1,4,54,14,3,5,85,84,0
5,5,18,18,2,3,84,78,0
4,4,13,10,2,5,82,94,0
2,5,36,33,4,5,76,80,0
3,3,32,6,4,2,74,63,0
4,4,29,55,2,2,34,41,1
3,1,24,27,4,1,30,14,1
3,3,16,5,3,4,90,88,0
3,1,3,50,3,5,36,34,1
4,1,4,53,5,2,5,30,1
2,3,39,18,1,5,76,90,0
4,4,51,13,4,3,98,98,0
4,4,42,33,1,2,57,65,0
5,3,7,11,1,4,56,64,1
5,4,28,35,1,5,56,56,1
2,3,11,1,2,1,73,74,0
4,1,13,39,2,2,46,50,1
4,1,26,40,3,3,7,3,1
5,5,5,1,3,3,98,84,0
4,5,52,46,4,5,93,86,0
5,5,17,8,5,5,76,77,0
4,3,14,20,4,1,45,23,1
1,2,12,10,3,1,56,69,0
4,2,29,41,1,1,27,42,1
1,1,50,17,4,5,61,54,0
3,4,16,2,4,3,82,79,0
4,4,20,55,1,3,75,68,1
4,4,53,8,2,5,90,96,0
4,4,2,12,4,4,75,58,1
5,5,58,5,4,5,96,95,0
4,4,41,11,2,5,76,93,0
5,2,13,21,5,5,28,30,1
1,2,7,4,2,5,73,66,0
4,4,12,33,4,1,36,21,1
3,1,14,35,4,3,17,33,1
3,3,10,44,3,1,10,21,1
1,4,41,28,1,2,64,72,0
4,1,8,59,3,4,44,12,1
4,3,21,30,5,1,41,17,1
1,3,45,40,2,5,98,77,0
2,3,31,22,2,4,96,85,0
3,3,28,46,2,3,75,63,1
3,2,7,43,5,4,1,8,1
3,3,28,30,5,1,36,8,1
1,5,56,18,5,1,55,61,0
2,4,18,10,4,1,60,59,0
5,2,30,52,1,5,1,16,1
5,1,14,33,5,4,30,38,1
1,1,52,7,3,1,65,64,0
1,4,9,5,4,4,99,78,0
1,4,14,13,5,1,57,65,0
5,5,19,30,4,2,8,24,1
4,4,36,6,5,5,88,85,0
1,2,9,4,2,5,56,64,0
3,2,20,45,5,3,19,49,1
2,2,22,17,5,4,51,60,0
5,3,25,47,2,2,22,49,1
5,5,26,25,2,2,74,60,0
5,5,2,2,2,2,73,52,0
3,1,17,21,1,1,36,19,1
2,5,39,4,3,2,62,62,0
4,4,28,8,3,1,69,51,0
1,3,13,13,5,2,72,59,0
3,3,13,38,5,2,36,27,1
4,2,24,34,5,2,44,2,1
1,2,32,22,3,1,63,65,0
2,5,6,2,1,1,71,73,0
5,5,49,47,1,3,85,80,0
3,4,42,39,2,1,56,73,0
4,2,18,36,1,2,8,47,1
5,5,32,11,4,3,96,90,0
5,5,17,45,1,5,66,73,1
5,5,12,9,3,3,76,100,0
4,4,13,59,3,1,41,17,1
5,5,52,6,5,5,93,98,0
4,4,37,31,5,2,59,53,0
3,3,48,19,5,1,59,59,0
1,4,38,1,5,2,75,69,0
3,5,28,28,1,3,97,98,0
5,3,15,60,2,2,38,35,1
2,4,3,4,4,2,59,70,0
2,2,15,2,4,2,74,55,0
5,5,54,19,1,1,75,64,0
5,5,28,43,1,4,61,69,1
1,5,23,13,1,3,96,96,0
4,4,12,4,3,5,92,86,0
5,2,28,29,4,2,7,29,1
5,1,2,39,5,1,33,7,1
1,2,13,13,2,4,65,58,0
3,2,19,32,1,4,26,14,1
5,2,4,6,5,5,12,39,1
4,4,1,25,4,3,67,58,1
5,1,12,53,2,5,13,21,1
1,4,6,3,5,2,59,63,0
3,2,14,34,2,1,43,15,1
4,3,22,23,4,3,63,60,1
4,3,24,45,4,4,64,59,1
3,5,47,6,2,4,91,86,0
5,4,26,31,1,3,64,73,1
3,3,22,52,4,5,73,58,1
2,2,13,14,1,5,61,67,0
4,1,17,46,3,2,1,14,1
5,5,37,22,4,2,55,57,0
5,5,36,22,2,4,95,97,0
5,5,16,12,1,5,100,88,0
1,2,49,6,2,2,74,68,0
1,1,49,32,1,5,73,63,0
1,5,12,7,5,1,61,71,0
5,5,31,29,1,3,82,98,0
2,3,45,4,3,2,60,68,0
3,3,4,28,3,5,69,56,1
2,2,30,21,4,5,51,51,0
3,3,8,1,1,4,79,96,0
4,2,13,50,2,1,36,14,1
3,3,2,31,1,2,2,11,1
5,2,11,30,4,1,42,28,1
3,3,3,31,3,2,9,14,1
4,4,5,6,1,2,74,68,0
5,5,23,39,2,5,72,61,1
4,4,19,55,4,2,25,18,1
3,1,20,37,4,5,14,3,1
3,4,2,1,5,1,74,70,0
2,4,56,51,2,1,52,75,0
3,3,12,27,3,3,65,62,1
1,1,12,13,2,1,67,54,0
4,4,18,18,2,3,90,93,0
4,5,16,12,3,2,55,68,0
2,4,26,17,4,3,88,97,0
3,3,14,25,2,2,7,44,1
5,5,4,2,4,5,95,94,0
4,2,19,30,3,1,33,32,1
4,5,20,13,2,3,77,100,0
4,3,27,32,4,3,60,58,1
5,5,10,4,2,4,99,80,0
5,3,4,53,3,3,72,52,1
5,3,16,48,2,3,75,72,1
3,5,39,26,1,1,52,63,0
4,1,2,38,2,2,36,6,1
2,5,2,2,3,3,81,78,0
5,4,12,25,3,1,17,36,1
1,3,54,44,2,2,57,67,0
1,2,33,10,5,4,72,57,0
3,2,23,49,3,2,25,24,1
4,2,23,31,5,2,8,30,1
4,4,26,54,4,5,59,54,1
5,5,44,30,4,1,51,56,0
5,5,42,29,1,4,76,92,0
5,5,42,28,5,5,92,80,0
5,5,57,1,5,3,85,81,0
4,2,3,33,4,1,3,16,1
3,5,14,7,4,4,94,98,0
5,5,37,20,1,4,78,93,0
4,4,2,29,1,1,8,23,1
2,3,9,8,3,2,57,65,0
3,2,17,46,5,4,16,44,1
3,2,11,32,2,4,40,2,1
5,1,25,42,1,2,14,40,1
3,3,28,49,2,2,42,24,1
3,5,23,10,3,2,63,68,0
3,3,27,40,3,3,61,63,1
1,2,54,41,4,4,65,52,0
1,3,34,4,3,5,77,91,0
5,5,39,18,5,3,82,92,0
4,4,39,28,5,2,56,54,0
4,5,18,3,1,2,68,74,0
5,5,25,59,3,2,24,42,1
5,5,5,3,2,4,88,84,0
5,3,22,54,1,4,67,67,1
4,4,14,49,4,1,7,41,1
3,3,26,47,2,4,75,62,1
3,3,1,34,2,3,62,63,1
3,3,32,21,4,2,55,59,0
5,3,15,38,3,4,58,54,1
1,3,38,8,2,5,78,98,0
4,3,6,17,3,3,64,63,1
2,4,38,30,2,5,86,76,0
3,3,40,32,5,1,58,75,0
3,5,29,2,1,1,59,73,0
2,3,11,10,4,5,76,82,0
5,1,5,16,3,2,24,15,1
5,5,24,11,3,2,59,59,0
3,3,8,16,3,4,72,65,1
4,4,30,35,2,3,62,66,1
4,5,52,9,4,1,63,59,0
2,2,16,6,5,2,53,65,0
3,3,4,5,4,2,47,17,1
2,3,39,40,1,4,87,99,0
1,4,13,3,1,5,96,97,0
1,2,44,12,1,3,58,57,0
4,5,17,16,3,5,84,79,0
2,4,36,17,1,3,95,100,0
3,5,25,2,5,3,88,78,0
1,1,37,28,1,1,51,51,0
3,4,34,20,5,5,83,82,0
1,4,21,8,3,3,93,96,0
4,4,59,9,4,2,67,74,0
2,4,42,14,4,2,60,69,0
3,1,21,29,3,2,7,3,1
4,4,17,49,4,5,55,59,1
5,5,7,6,2,2,69,59,0
2,5,12,1,1,5,85,81,0
3,3,20,26,5,1,49,29,1
4,2,3,14,3,5,21,22,1
3,4,57,55,4,3,97,86,0
2,5,54,6,3,3,83,87,0
4,1,29,56,2,3,50,18,1
3,3,5,1,2,1,73,57,0
4,4,9,46,2,4,56,66,1
4,3,19,49,3,4,67,75,1
3,3,34,20,1,4,85,85,0
4,1,12,57,2,3,13,22,1
4,4,2,16,4,1,23,50,1
5,5,2,2,3,1,73,69,0
5,1,20,40,4,5,40,49,1
2,2,6,1,4,1,56,54,0
1,5,14,4,2,2,52,54,0
3,1,26,47,4,2,46,2,1
5,5,53,54,2,5,89,82,0
5,1,10,48,2,5,35,30,1
4,4,18,16,4,1,73,62,0
5,5,21,16,5,5,92,82,0
2,3,22,11,3,3,92,89,0
3,4,16,2,1,1,59,67,0
1,5,38,34,2,2,51,54,0
4,3,27,33,3,5,65,71,1
5,3,23,51,2,2,25,13,1
2,4,52,3,5,1,62,60,0
3,3,8,33,4,1,1,19,1
3,1,3,28,2,4,42,9,1
2,4,33,34,4,3,94,93,0
1,5,48,39,3,4,84,80,0
4,5,17,14,3,3,93,99,0
5,5,41,2,5,5,91,91,0
2,2,28,23,5,5,58,62,0
3,2,23,39,2,5,37,29,1
2,4,34,15,2,5,93,78,0
4,4,6,23,2,2,27,50,1
2,4,1,1,3,3,82,76,0
3,5,57,55,2,1,64,54,0
3,1,15,31,2,1,16,12,1
1,4,54,18,2,2,60,73,0
3,3,52,31,3,4,95,91,0
3,3,27,59,5,2,3,45,1
3,4,51,11,4,2,58,61,0
5,2,15,27,1,1,11,28,1
5,5,47,1,3,5,97,92,0
5,5,23,32,5,2,30,44,1
4,4,28,52,2,1,32,41,1
5,5,29,3,3,3,83,95,0
3,2,27,45,3,5,44,5,1
4,1,16,45,5,1,10,28,1
4,2,4,38,4,4,18,40,1
3,2,11,49,2,4,50,43,1
1,1,53,3,2,2,59,56,0
4,5,41,5,3,2,67,68,0
5,3,10,21,3,1,32,4,1
3,4,4,3,1,2,52,66,0
4,4,1,2,5,1,24,8,1
5,4,26,48,4,1,10,30,1
3,2,28,59,2,2,34,3,1
3,4,50,31,1,2,75,57,0
3,4,6,3,1,2,54,55,0
3,1,6,58,2,2,45,6,1
3,4,26,1,1,1,68,61,0
3,1,17,54,4,3,27,34,1
3,5,48,16,2,1,61,58,0
4,4,14,28,2,5,55,56,1
4,4,52,49,5,2,53,52,0
5,5,41,15,4,2,66,62,0
5,3,26,29,5,5,60,69,1
2,5,53,3,2,1,60,69,0
1,3,32,5,4,4,90,81,0
2,5,28,1,4,2,61,67,0
5,5,58,6,3,2,56,63,0
4,4,21,49,2,1,21,35,1
3,2,16,53,4,4,15,43,1
3,2,3,31,3,5,34,16,1
5,1,30,54,3,1,2,15,1
5,5,56,10,2,4,77,78,0
5,4,3,45,3,1,2,49,1
5,5,23,9,2,2,65,60,0
4,1,2,55,1,4,11,16,1
4,2,5,42,2,4,37,35,1
5,3,12,15,5,3,57,71,1
3,2,3,44,5,2,47,36,1
2,5,38,34,1,2,67,67,0
4,4,28,34,2,3,73,55,1
5,5,28,1,3,1,61,68,0
5,2,1,36,4,5,6,14,1
5,1,26,41,2,5,35,49,1
4,3,25,46,4,2,33,27,1
4,5,29,19,1,2,52,51,0
3,3,4,23,5,4,73,67,1
4,3,21,39,5,1,12,44,1
3,1,2,24,1,2,10,34,1
2,4,41,3,5,2,70,65,0
5,5,55,43,4,5,100,82,0
2,3,48,13,1,3,86,98,0
5,2,27,54,1,3,44,24,1
5,5,16,21,1,2,28,2,1
5,5,15,41,5,5,67,75,1
4,3,2,33,1,2,29,15,1
4,3,13,36,3,2,47,13,1
1,1,17,17,4,5,62,64,0
5,4,8,28,1,1,12,15,1
5,5,55,55,4,1,74,62,0
3,3,6,26,1,5,69,54,1
3,5,14,7,5,2,52,61,0
5,2,3,59,2,3,13,45,1
5,4,2,35,5,1,22,48,1
3,1,2,47,5,3,23,3,1
3,3,53,52,5,1,65,53,0
3,3,45,38,5,4,95,87,0
3,4,12,1,2,2,56,58,0
3,4,57,18,4,4,91,78,0
2,2,49,41,3,3,62,60,0
2,4,5,2,5,5,94,85,0
1,3,3,1,3,5,100,76,0
3,3,8,9,4,5,78,79,0
3,2,17,58,2,2,7,48,1
3,3,54,35,4,5,81,84,0
5,4,16,29,2,4,60,69,1
3,3,12,41,3,4,59,56,1
1,5,28,27,3,4,92,81,0
2,4,19,18,2,5,82,84,0
1,2,23,21,5,3,57,59,0
1,1,27,15,2,4,69,67,0
4,5,19,9,5,5,89,98,0
5,5,58,33,4,3,86,79,0
3,4,46,22,3,2,67,54,0
5,4,5,10,3,5,62,68,1
5,5,53,22,3,5,91,93,0
3,3,29,15,4,3,76,95,0
3,3,13,1,4,1,65,64,0
3,1,4,24,2,3,23,32,1
3,3,22,59,1,1,42,42,1
5,5,1,53,3,4,56,75,1
4,5,26,21,5,1,73,63,0
5,1,9,44,3,3,20,24,1
4,4,18,11,3,1,60,59,0
3,2,23,27,2,2,19,31,1
2,4,48,44,2,1,66,72,0
3,3,1,18,1,5,63,71,1
4,4,25,11,1,2,75,53,0
3,2,5,52,2,1,26,43,1
1,3,55,13,1,1,53,74,0
3,5,42,6,1,3,78,93,0
3,1,17,52,4,2,11,35,1
2,2,30,26,5,1,66,51,0
2,4,44,16,5,3,83,77,0
3,2,9,51,4,3,42,30,1
2,5,33,2,1,2,75,66,0
4,1,5,49,3,3,35,33,1
1,4,42,12,5,1,73,58,0
4,4,19,58,3,2,26,19,1
5,5,58,31,3,4,89,84,0
3,5,45,28,2,1,68,68,0
5,4,2,3,3,4,54,74,1
3,2,6,59,2,5,43,43,1
3,3,2,2,3,2,56,64,0
4,4,13,4,3,4,97,98,0
4,3,28,50,1,5,73,68,1
4,5,25,13,2,3,77,78,0
4,1,13,40,4,3,14,15,1
2,4,33,22,3,5,84,98,0
4,4,18,19,1,5,83,98,0
5,3,20,37,3,5,61,52,1
4,3,30,43,5,2,46,44,1
4,4,29,45,3,1,3,35,1
4,3,16,33,2,4,51,58,1
3,5,32,22,2,3,93,82,0
4,3,26,58,1,5,63,54,1
4,4,3,4,4,5,86,77,0
4,2,30,53,5,3,20,35,1
2,3,52,25,5,3,81,81,0
5,4,10,12,2,4,74,67,1
2,5,19,6,1,1,69,61,0
4,1,22,58,5,3,23,34,1
4,1,14,20,3,4,41,37,1
5,5,3,4,2,5,76,95,0
3,3,10,1,4,3,86,84,0
4,4,35,22,3,3,88,87,0
4,1,12,41,4,3,1,43,1
1,2,35,25,2,3,65,72,0
4,2,6,29,1,3,46,3,1
4,2,15,58,4,5,33,8,1
4,3,17,18,2,1,42,34,1
2,2,23,22,2,1,63,66,0
2,5,23,2,3,2,53,64,0
3,1,12,38,2,1,14,26,1
4,3,27,54,2,1,48,13,1
3,1,7,56,3,4,20,30,1
3,1,21,56,4,5,22,49,1
3,1,14,26,1,3,19,26,1
4,4,6,15,1,1,25,48,1
5,5,12,1,5,3,96,95,0
4,1,29,47,2,3,13,1,1
3,3,9,36,2,3,74,67,1
3,2,18,43,1,4,43,12,1
3,3,10,29,5,5,65,70,1
1,3,54,8,3,2,75,55,0
3,3,19,52,4,2,35,32,1
3,1,26,42,4,4,29,47,1
1,2,37,18,2,1,72,66,0
5,4,18,47,4,5,61,52,1
4,5,44,10,1,1,57,71,0
3,5,9,9,3,3,93,80,0
3,2,27,31,3,5,41,29,1
4,5,49,12,2,4,76,88,0
5,3,9,24,2,2,13,32,1
3,2,7,10,5,4,19,35,1
3,5,34,24,1,4,91,100,0
5,1,28,30,5,1,10,14,1
1,5,56,31,3,2,62,66,0
4,4,9,54,4,3,70,68,1
5,2,10,15,4,2,31,10,1
5,5,58,54,2,5,78,90,0
4,1,30,47,3,2,14,10,1
4,5,14,13,3,1,54,58,0
4,4,39,25,5,2,61,65,0
1,2,39,10,4,1,63,51,0
3,2,2,37,4,1,20,1,1
5,1,18,35,1,2,45,25,1
4,4,10,7,4,4,80,91,0
5,5,28,52,2,1,46,40,1
5,5,40,7,3,1,66,56,0
4,4,32,30,5,3,100,79,0
1,3,60,18,1,1,74,55,0
5,5,60,34,4,1,54,61,0
5,5,51,11,1,4,84,77,0
5,5,52,37,4,4,90,84,0
1,4,42,32,2,2,75,61,0
3,1,22,59,1,2,21,2,1
3,3,13,51,5,5,59,66,1
3,2,7,22,5,3,29,25,1
4,4,47,13,1,2,52,66,0
3,4,13,14,4,4,91,78,0
4,3,11,43,3,3,52,67,1
2,5,1,1,2,5,95,98,0
4,4,3,6,4,4,65,59,1
2,4,22,10,2,1,63,51,0
3,3,13,14,1,1,24,1,1
3,1,22,50,4,5,45,22,1
1,1,11,3,3,3,55,67,0
3,1,18,42,2,1,45,41,1
2,3,43,6,4,4,86,98,0
4,1,14,44,1,1,14,35,1
1,2,11,1,2,3,54,61,0
5,2,9,41,2,4,15,30,1
3,3,13,7,5,5,80,91,0
2,5,29,7,4,4,91,82,0
5,5,34,34,5,2,63,66,0
4,4,14,29,1,3,70,72,1
4,3,28,40,1,3,52,65,1
3,4,22,13,5,5,76,94,0
3,3,11,29,4,1,10,44,1
3,1,30,52,4,5,47,14,1
5,5,5,1,1,1,69,66,0
3,3,25,51,1,4,73,66,1
3,4,36,5,5,1,63,72,0
2,2,33,32,5,1,69,56,0
5,4,28,40,3,4,65,59,1
1,4,24,2,5,1,58,68,0
3,3,44,18,3,3,85,82,0
5,4,22,36,5,5,72,55,1
5,5,9,10,4,1,64,74,0
2,2,24,9,3,2,69,61,0
1,3,18,12,2,3,85,89,0
3,3,52,38,1,4,97,95,0
3,4,37,31,2,1,64,54,0
3,3,20,45,2,3,56,52,1
4,5,36,17,1,4,95,93,0
5,4,15,24,3,1,23,25,1
5,1,21,52,3,1,28,19,1
5,3,6,12,3,3,58,60,1
1,5,51,22,3,5,95,80,0
2,5,24,14,3,5,82,76,0
1,3,60,59,2,2,56,63,0
4,5,25,7,2,2,62,61,0
3,5,19,19,2,5,89,99,0
1,1,26,13,3,4,51,55,0
4,1,5,59,1,1,35,20,1
5,1,7,28,4,2,4,46,1
5,3,5,27,2,4,62,52,1
5,5,37,17,5,4,94,82,0
5,1,26,27,1,2,29,20,1
4,5,17,10,3,4,93,88,0
5,5,60,33,4,2,53,70,0
5,3,29,34,2,5,71,73,1
1,1,21,20,3,1,75,52,0
5,5,22,1,5,5,78,98,0
1,1,34,10,4,5,62,67,0
3,2,23,60,3,2,21,42,1
1,2,10,2,2,1,64,69,0
5,3,14,52,2,1,1,38,1
4,4,19,4,4,5,79,84,0
5,5,2,3,5,3,100,90,0
1,5,18,12,2,4,93,81,0
5,3,18,41,4,4,73,63,1
4,5,16,9,5,1,55,60,0
5,4,21,34,3,2,14,4,1
1,5,51,10,3,1,65,56,0
5,5,55,31,5,1,56,64,0
5,5,19,19,1,3,84,76,0
5,2,8,31,1,2,46,14,1
5,4,17,42,1,5,56,62,1
4,2,30,48,2,5,31,30,1
4,3,29,59,1,1,34,41,1
3,5,16,6,1,4,93,91,0
3,2,10,36,2,4,17,14,1
1,1,37,6,5,2,65,65,0
5,2,17,56,5,1,49,17,1
3,4,9,2,5,5,95,97,0
4,4,3,46,3,3,67,67,1
5,2,12,57,1,5,7,10,1
4,5,20,20,3,5,87,82,0
4,4,14,54,4,3,72,72,1
4,1,20,33,1,3,39,6,1
5,4,6,33,5,2,29,38,1
4,1,5,59,4,1,35,47,1
4,4,54,53,4,1,59,52,0
5,1,2,28,5,2,20,6,1
3,2,15,59,3,4,46,25,1
3,1,15,52,5,5,9,1,1
4,4,1,3,1,1,41,13,1
2,2,57,17,3,4,63,69,0
5,3,25,46,5,3,71,52,1
4,2,17,55,1,3,38,3,1
5,5,18,9,2,1,73,59,0
4,3,18,36,4,1,14,14,1
3,2,22,26,3,1,7,46,1
5,3,2,23,1,4,65,51,1
5,5,21,18,1,3,92,92,0
2,4,12,3,3,2,75,63,0
5,3,20,43,2,4,68,73,1
5,5,51,28,4,3,98,100,0
4,3,4,30,2,5,64,54,1
5,5,51,16,2,5,79,84,0
2,5,20,5,5,2,67,59,0
3,3,20,26,3,1,5,3,1
4,2,30,45,3,3,34,38,1
1,2,7,1,1,1,74,54,0
3,3,29,37,5,5,65,54,1
3,4,38,12,5,1,66,53,0
4,3,25,28,1,4,72,70,1
3,3,46,35,4,5,100,79,0
3,2,5,54,2,4,26,11,1
2,3,44,25,4,5,78,87,0
1,1,2,3,3,2,60,70,0
3,4,58,12,1,3,79,82,0
4,3,28,35,1,3,66,68,1
5,1,21,24,1,3,12,10,1
5,5,24,20,4,5,87,80,0
5,5,54,18,5,4,96,85,0
5,4,20,25,5,1,34,44,1
1,2,24,11,1,4,53,54,0
3,3,19,30,1,1,21,15,1
4,4,12,51,2,3,67,55,1
2,2,25,17,2,3,75,68,0
5,5,11,2,3,5,78,76,0
5,5,12,1,4,3,94,91,0
3,2,16,57,3,4,41,7,1
3,2,24,38,2,2,12,22,1
1,5,7,3,1,5,90,78,0
1,1,46,9,2,1,73,55,0
3,4,1,2,4,2,62,56,0
4,2,22,48,3,1,42,14,1
4,2,20,49,5,1,38,42,1
5,2,15,38,5,5,43,13,1
5,2,30,46,2,2,38,19,1
5,4,15,34,5,2,21,37,1
1,5,58,42,2,1,74,57,0
3,2,9,44,1,5,48,6,1
3,3,12,24,4,5,70,59,1
3,3,28,58,2,3,67,55,1
4,2,11,18,5,3,47,48,1
4,4,13,35,1,4,68,61,1
5,3,14,40,4,1,45,42,1
5,5,33,10,2,4,98,83,0
4,4,5,13,2,4,74,62,1
3,2,4,24,3,4,11,39,1
2,5,20,6,3,1,71,63,0
3,3,5,17,5,1,49,44,1
4,4,10,6,4,2,59,60,0
4,4,30,48,2,1,13,4,1
3,4,22,23,4,5,81,98,0
3,3,22,27,3,2,30,47,1
4,1,27,37,1,5,31,47,1
3,2,22,26,2,2,31,11,1
3,1,6,13,5,2,9,50,1
5,2,24,35,4,5,42,26,1
2,3,39,28,5,3,78,95,0
3,3,16,19,1,1,29,47,1
4,2,11,39,1,1,1,27,1
2,2,4,3,1,2,71,75,0
3,3,25,16,3,2,66,70,0
4,4,34,5,2,1,70,72,0
3,2,1,59,2,5,20,23,1
1,3,23,7,4,5,82,87,0
3,3,38,22,5,3,91,94,0
5,4,3,43,2,1,14,34,1
5,4,27,48,1,4,65,65,1
4,4,47,39,5,2,71,67,0
3,1,3,43,3,5,20,49,1
3,1,21,36,1,1,24,4,1
2,3,3,2,1,2,74,59,0
1,5,26,8,5,5,92,98,0
5,5,14,11,4,4,94,90,0
3,3,1,5,1,4,52,55,1
5,2,11,51,2,3,11,45,1
3,3,22,39,2,2,1,10,1
3,2,6,11,4,1,5,18,1
3,3,14,17,1,5,73,64,1
3,1,10,20,3,1,21,14,1
3,4,28,29,3,4,90,81,0
5,5,11,60,5,1,45,19,1
3,3,29,49,2,4,73,64,1
1,5,3,3,4,2,67,62,0
1,1,15,16,4,1,65,74,0
4,4,8,12,3,4,70,61,1
4,2,18,26,1,5,16,12,1
3,2,9,48,1,2,12,8,1
5,4,17,58,3,5,72,74,1
5,1,21,44,4,1,46,5,1
5,1,21,45,1,2,5,6,1
5,5,27,44,3,3,71,66,1
4,4,41,17,3,5,91,78,0
5,2,2,56,4,1,50,30,1
5,5,35,13,2,3,93,77,0
5,5,2,26,4,2,21,33,1
4,4,39,40,5,5,89,94,0
4,1,7,20,5,2,49,3,1
5,2,20,49,1,3,48,39,1
5,5,11,8,1,2,57,62,0
1,5,4,1,4,4,80,83,0
4,4,22,52,4,4,75,60,1
2,5,39,18,3,3,93,87,0
5,5,2,2,5,1,57,64,0
2,4,16,1,5,4,85,84,0
5,5,15,11,4,4,79,78,0
4,4,1,14,1,2,47,37,1
1,3,50,38,3,2,74,58,0
5,5,15,11,4,4,76,99,0
4,5,42,22,3,5,78,86,0
1,3,17,14,5,4,80,96,0
4,4,51,9,1,5,77,95,0
5,1,30,51,2,4,39,22,1
3,4,54,36,1,1,66,69,0
5,5,24,4,4,4,93,76,0
4,3,5,10,1,4,74,54,1
5,5,24,19,4,2,70,61,0
3,2,8,15,5,5,20,3,1
5,5,18,15,1,4,96,89,0
3,1,4,52,4,1,21,37,1
5,2,19,24,2,4,19,20,1
5,1,6,54,4,3,37,17,1
4,3,3,32,1,4,67,71,1
4,1,24,43,3,1,21,12,1
2,2,13,10,5,2,64,67,0
5,2,3,4,1,4,6,41,1
3,1,28,58,3,4,33,4,1
4,4,29,26,2,4,92,89,0
2,2,33,8,4,5,63,73,0
3,1,23,24,5,3,24,35,1
3,4,58,2,4,2,57,63,0
5,3,30,43,2,1,7,4,1
1,5,49,43,2,1,66,52,0
4,4,18,50,2,3,60,52,1
4,4,6,2,5,1,73,67,0
4,4,8,4,4,2,55,51,0
3,4,8,8,1,1,68,62,0
3,4,32,31,1,1,60,58,0
5,2,28,60,5,3,48,6,1
3,3,16,52,2,1,39,32,1
4,4,27,36,1,3,60,72,1
4,4,30,50,3,3,70,66,1
4,1,26,28,4,4,47,7,1
2,4,58,17,1,3,99,98,0
5,5,20,7,5,1,75,71,0
5,4,10,43,2,5,65,67,1
1,1,13,10,3,3,51,71,0
3,1,4,16,4,3,42,23,1
5,4,19,55,2,1,42,28,1
3,4,32,31,2,3,82,84,0
5,5,36,36,4,4,95,96,0
3,1,14,44,3,5,37,5,1
4,3,26,54,1,4,52,51,1
5,5,12,13,2,1,75,58,0
3,4,46,2,1,1,71,51,0
4,4,24,52,5,2,28,36,1
5,5,7,47,5,2,2,8,1
3,1,9,42,2,5,4,42,1
5,2,9,42,1,3,36,2,1
5,1,26,28,2,4,26,23,1
1,3,53,48,1,3,91,95,0
3,4,18,14,1,1,75,71,0
5,5,22,51,4,5,65,67,1
4,5,59,1,4,3,87,90,0
4,5,46,38,1,4,86,100,0
3,1,29,40,2,1,39,35,1
4,3,14,34,3,3,53,67,1
5,1,8,9,4,4,23,32,1
4,5,6,6,2,2,60,74,0
3,1,23,26,3,5,8,47,1
3,3,14,26,2,4,71,68,1
3,2,26,33,5,1,48,8,1
2,5,49,43,1,2,73,52,0
2,3,53,35,4,3,86,87,0
3,1,6,55,1,3,20,33,1
3,3,4,11,2,5,65,65,1
4,5,24,22,3,5,93,80,0
5,5,44,24,1,1,69,61,0
3,5,29,5,2,2,54,59,0
3,1,13,19,4,4,3,17,1
4,1,1,26,3,4,17,41,1
5,1,23,60,4,2,39,17,1
3,4,33,32,2,1,52,57,0
4,4,4,5,1,5,93,99,0
4,4,11,2,2,2,54,51,0
3,1,21,34,1,3,4,34,1
3,3,22,24,3,5,67,58,1
5,5,4,1,4,3,85,90,0
3,3,14,46,5,4,64,60,1
4,4,8,3,5,1,52,74,0
2,5,10,9,5,3,93,95,0
1,3,38,20,3,3,77,93,0
4,5,20,10,1,2,64,66,0
5,4,26,45,5,4,57,65,1
3,2,4,13,5,2,32,32,1
3,1,2,11,4,2,3,28,1
4,3,26,55,1,4,75,74,1
1,5,56,3,5,4,82,99,0
2,5,26,25,2,2,64,67,0
5,3,10,44,1,3,66,52,1
3,3,13,45,4,5,67,73,1
4,2,17,60,4,2,13,32,1
5,1,27,46,4,5,36,40,1
3,1,10,60,1,4,13,17,1
5,5,6,1,2,5,83,96,0
4,4,14,8,4,1,71,64,0
4,2,16,24,1,4,5,3,1
4,3,4,5,5,3,60,60,1
5,3,11,34,2,2,46,34,1
4,2,22,48,3,3,29,47,1
4,5,4,3,5,5,84,79,0
4,4,3,14,2,5,71,55,1
5,1,3,22,4,4,35,32,1
4,1,10,30,1,3,32,11,1
2,2,24,21,3,4,67,60,0
2,5,21,13,1,3,86,81,0
5,1,10,52,4,4,4,7,1
5,3,28,47,3,2,5,5,1
5,4,11,54,1,1,47,38,1
2,5,37,3,1,5,96,93,0
1,5,22,22,5,3,93,95,0
3,1,29,35,1,2,45,5,1
4,4,7,50,4,4,65,51,1
2,2,42,10,1,5,56,74,0
5,5,44,22,4,2,73,56,0
4,3,29,55,5,5,56,56,1
5,5,45,6,5,2,56,59,0
5,2,10,31,4,2,41,24,1
5,5,4,4,1,1,69,53,0
4,4,14,41,4,2,15,35,1
4,1,20,60,4,1,30,21,1
2,4,33,16,3,4,81,99,0
1,1,49,48,1,1,62,55,0
4,5,45,4,1,5,87,79,0
5,1,22,60,3,4,12,43,1
5,2,12,25,4,2,26,27,1
3,5,52,39,2,1,73,66,0
4,1,20,49,4,5,27,18,1
3,1,14,45,3,4,33,21,1
4,4,55,27,1,5,77,98,0
1,1,10,7,4,3,60,65,0
3,2,5,11,4,2,30,22,1
5,5,1,1,4,5,93,87,0
5,5,55,31,1,2,70,62,0
4,2,13,34,4,5,44,11,1
3,2,26,42,1,1,21,9,1
4,3,2,59,2,1,49,3,1
5,3,21,51,1,2,48,2,1
5,3,19,36,3,3,51,55,1
1,3,54,33,3,4,90,93,0
1,5,25,2,5,4,79,81,0
2,3,16,12,1,5,86,81,0
4,4,13,12,1,3,81,83,0
3,1,1,54,5,4,30,11,1
4,4,46,8,4,5,83,96,0
3,2,15,49,2,4,12,23,1
2,3,52,41,2,4,77,86,0
4,1,22,50,1,2,9,15,1
3,4,8,1,1,1,74,65,0
1,1,58,45,5,5,60,71,0
3,3,38,24,1,1,74,55,0
4,5,16,2,4,5,89,81,0
3,4,51,34,4,3,86,81,0
5,5,16,15,1,4,98,91,0
5,4,16,42,1,4,61,55,1
3,3,28,21,2,3,86,90,0
4,4,24,25,1,1,62,60,0
1,3,48,20,4,1,63,61,0
2,2,23,15,5,1,66,52,0
1,4,50,43,5,5,89,84,0
5,2,30,42,1,1,13,20,1
4,4,27,47,4,3,70,53,1
3,5,58,24,1,1,57,54,0
3,1,10,15,4,2,4,39,1
1,3,28,6,1,4,98,76,0
5,1,20,29,4,2,18,5,1
5,3,20,38,1,1,14,15,1
4,2,8,18,4,1,31,8,1
4,4,12,52,5,5,67,57,1
1,4,53,4,3,2,52,55,0
5,5,23,9,2,3,91,97,0
3,3,3,30,5,2,19,21,1
4,4,9,6,2,1,51,59,0
3,1,24,35,1,4,47,25,1
5,5,42,25,4,4,80,91,0
5,3,7,45,4,2,38,50,1
4,4,39,20,5,3,88,82,0
3,2,30,48,3,5,25,33,1
3,3,48,36,3,5,99,91,0
4,3,21,52,3,1,11,21,1
4,4,16,14,4,4,81,97,0
3,5,15,14,3,5,88,84,0
4,3,23,59,3,1,24,23,1
4,4,40,23,2,5,93,90,0
4,4,42,41,3,2,67,69,0
3,4,54,14,4,2,65,59,0
5,5,23,14,2,4,100,90,0
3,4,41,42,1,4,89,87,0
2,4,8,4,4,5,97,82,0
5,5,19,8,4,3,78,87,0
5,4,13,15,4,5,62,71,1
5,3,5,9,5,4,70,60,1
3,3,17,2,3,5,89,78,0
4,1,11,16,3,4,17,6,1
5,1,17,40,5,5,14,2,1
1,5,3,2,5,3,84,83,0
5,2,10,26,4,2,2,26,1
4,4,23,27,3,3,67,56,1
2,3,41,39,2,1,72,65,0
5,3,23,50,2,4,71,58,1
1,3,26,26,1,2,75,63,0
1,5,26,22,5,3,78,83,0
1,4,33,12,1,3,86,92,0
3,1,20,41,2,4,11,15,1
4,4,2,44,5,1,6,28,1
2,2,28,19,5,5,51,52,0
4,3,29,43,1,3,73,51,1
1,4,47,16,3,3,78,90,0
2,4,54,5,5,4,86,100,0
3,2,23,32,4,5,1,1,1
5,5,59,30,2,1,65,52,0
4,3,2,29,5,5,60,73,1
4,3,1,52,5,4,69,71,1
1,1,33,2,3,4,60,59,0
2,5,4,5,4,5,81,86,0
4,1,8,41,1,3,48,39,1
3,2,24,43,4,1,48,41,1
4,1,22,43,1,3,31,42,1
4,5,5,2,5,1,65,72,0
3,2,6,33,4,1,1,44,1
4,4,34,1,2,1,66,74,0
4,3,11,52,1,5,51,67,1
4,2,28,51,2,5,1,8,1
5,2,19,55,5,5,32,44,1
5,5,46,15,2,4,78,90,0
4,5,10,3,1,1,63,51,0
3,3,35,21,2,4,95,98,0
2,3,16,9,2,2,71,54,0
3,3,15,19,3,4,66,54,1
2,5,15,4,4,2,56,73,0
3,1,15,46,1,2,29,26,1
5,5,40,6,1,4,86,80,0
5,1,20,22,1,3,25,28,1
4,4,24,40,4,4,55,72,1
4,4,15,8,2,4,91,96,0
4,5,28,13,1,3,83,95,0
1,1,44,39,3,3,69,68,0
5,1,3,21,1,2,31,3,1
5,5,13,3,2,4,94,76,0
3,3,10,25,5,1,32,9,1
3,3,1,36,2,4,66,73,1
5,2,8,19,5,2,3,33,1
2,4,53,38,5,4,77,96,0
3,4,24,15,2,3,87,82,0
5,5,41,42,5,4,80,80,0
3,2,1,52,5,5,4,1,1
5,4,7,52,3,1,8,45,1
1,3,8,8,1,5,82,81,0
5,1,8,30,4,5,8,11,1
2,2,28,21,5,3,70,56,0
4,4,27,9,2,1,67,51,0
4,5,49,14,1,1,75,58,0
5,3,29,51,2,3,70,64,1
5,1,9,42,5,4,13,28,1
1,4,17,15,3,3,97,85,0
4,1,19,37,2,3,23,48,1
4,4,25,22,4,4,95,79,0
4,4,22,60,1,2,8,41,1
3,5,20,16,3,1,63,51,0
3,2,28,60,5,2,31,3,1
3,5,29,18,2,1,74,67,0
5,4,26,46,4,1,28,8,1
4,4,21,3,5,5,78,91,0
2,3,22,6,2,2,52,60,0
2,3,20,19,4,3,83,78,0
3,1,4,59,4,3,35,46,1
4,3,8,27,4,2,1,29,1
4,4,12,2,4,5,95,100,0
4,4,21,20,3,2,51,69,0
3,3,9,35,1,1,22,47,1
5,5,12,13,2,2,63,62,0
4,2,10,12,1,3,21,26,1
1,2,57,50,4,1,62,73,0
5,1,30,42,4,4,9,38,1
3,4,49,24,5,3,76,79,0
2,5,12,13,5,2,57,75,0
5,5,9,4,3,5,93,85,0
3,1,5,43,3,5,23,37,1
5,5,12,11,2,2,59,52,0
5,5,27,49,4,2,30,25,1
5,3,12,27,3,2,42,27,1
4,4,27,45,2,5,62,54,1
3,5,49,48,4,3,87,90,0
4,4,21,60,4,1,30,37,1
4,4,2,9,3,5,53,68,1
1,4,17,14,3,1,71,62,0
4,3,13,32,3,5,71,58,1
3,2,21,54,4,5,15,46,1
2,5,43,7,1,3,92,77,0
1,2,50,23,3,3,62,57,0
1,3,58,13,3,3,77,99,0
3,3,12,45,5,5,59,59,1
1,1,46,37,5,3,71,66,0
4,1,8,15,3,1,36,25,1
1,1,49,25,3,4,57,71,0
4,4,25,40,4,5,62,63,1
5,5,23,47,1,3,69,70,1
5,5,43,18,1,5,100,82,0
5,1,27,30,5,5,43,32,1
4,5,44,5,5,5,84,85,0
5,4,17,48,5,5,70,75,1
5,2,8,30,1,1,23,24,1
3,3,7,5,2,1,70,75,0
3,3,17,39,3,5,66,58,1
3,2,24,41,2,1,20,24,1
3,2,20,34,4,4,17,39,1
4,3,18,55,4,5,53,57,1
5,5,16,1,3,5,82,94,0
3,1,9,26,1,1,1,2,1
4,5,24,25,3,2,72,70,0
1,2,33,15,2,1,57,54,0
3,2,6,52,3,1,12,11,1
3,3,8,1,5,2,56,64,0
5,5,26,13,3,1,64,74,0
3,3,5,25,3,2,2,3,1
3,3,5,37,4,1,23,37,1
5,5,50,47,4,5,93,90,0
2,5,38,18,2,4,91,100,0
2,3,8,4,1,4,90,83,0
5,3,25,27,4,2,44,11,1
2,3,22,13,2,1,51,64,0
4,2,27,38,1,3,18,35,1
3,4,60,23,3,1,62,70,0
5,5,3,47,3,3,51,53,1
2,3,18,5,2,1,53,58,0
5,5,29,19,3,2,70,65,0
3,3,9,23,1,4,54,58,1
5,5,11,12,5,2,72,74,0
5,2,17,45,3,4,24,12,1
5,2,30,51,2,3,6,15,1
4,1,10,22,1,1,5,20,1
3,2,17,33,3,5,26,36,1
5,5,54,16,2,1,74,74,0
4,1,24,35,1,2,12,35,1
3,2,1,20,3,2,40,47,1
5,4,15,24,4,2,44,31,1
4,4,7,12,3,5,75,69,1
5,5,2,2,5,5,88,88,0
5,5,15,27,5,3,57,55,1
3,1,22,28,5,5,32,35,1
3,5,12,1,4,4,88,100,0
4,4,37,20,2,2,68,73,0
2,5,54,43,2,1,64,72,0
5,2,22,34,4,5,25,45,1
4,2,29,51,4,1,37,10,1
3,5,44,40,4,3,96,95,0
5,5,50,48,2,3,96,96,0
1,3,12,2,1,3,78,98,0
3,1,2,17,2,3,49,36,1
3,3,30,52,5,4,72,70,1
3,3,15,46,3,2,3,14,1
1,2,37,13,3,5,68,64,0
4,2,27,47,2,2,32,15,1
5,2,5,42,3,4,6,39,1
5,5,48,20,1,1,74,63,0
3,2,24,34,4,1,36,13,1
1,2,29,15,5,4,68,68,0
3,5,12,10,3,3,81,95,0
5,5,56,24,2,3,97,97,0
5,2,5,49,4,3,30,38,1
5,1,5,44,4,4,29,36,1
3,1,7,11,5,4,30,47,1
4,2,14,20,3,4,14,9,1
4,1,1,31,5,4,21,46,1
5,1,22,23,2,1,11,21,1
3,1,19,21,5,4,26,32,1
5,2,17,26,5,3,25,39,1
4,1,8,19,3,1,17,12,1
3,4,22,10,3,3,87,91,0
4,2,23,25,1,3,34,23,1
5,5,8,3,5,4,83,89,0
3,2,14,18,3,2,18,13,1
3,4,35,29,3,1,54,68,0
1,2,35,30,2,2,61,74,0
4,3,14,40,3,5,55,70,1
4,5,16,9,1,4,92,88,0
2,2,7,7,4,3,61,55,0
2,5,33,19,1,4,78,100,0
3,5,40,3,5,2,61,61,0
5,5,51,40,3,4,96,86,0
5,5,30,19,2,3,97,91,0
2,2,46,5,2,2,62,60,0
5,5,30,21,1,1,67,55,0
5,2,20,36,4,1,49,12,1
4,4,10,5,1,2,52,56,0
5,5,43,17,1,2,63,64,0
5,1,16,50,2,1,2,12,1
3,3,20,5,1,2,70,66,0
3,2,11,33,1,4,45,23,1
4,4,7,51,3,2,16,35,1
3,5,47,25,3,3,93,79,0
4,4,39,34,1,1,55,55,0
3,2,26,40,2,5,35,23,1
3,1,17,57,3,5,1,5,1
4,1,16,29,1,5,29,39,1
1,1,25,1,2,2,53,67,0
5,3,4,29,5,3,75,71,1
4,2,11,42,1,3,9,35,1
4,2,12,59,1,4,15,28,1
5,2,17,58,4,3,43,1,1
5,4,1,14,4,3,72,74,1
3,4,18,10,4,3,76,76,0
4,3,10,49,1,1,11,39,1
4,1,15,38,1,4,18,18,1
3,2,10,51,1,2,29,10,1
3,4,58,12,2,3,87,93,0
5,4,27,52,5,5,67,67,1
3,4,44,45,2,5,76,99,0
5,5,15,24,5,1,10,26,1
3,1,23,53,5,1,48,27,1
5,5,56,4,4,2,73,72,0
5,5,31,10,2,4,79,97,0
3,1,27,29,2,4,23,37,1
2,4,16,4,1,2,70,75,0
3,3,5,45,4,3,64,58,1
4,3,25,33,3,2,16,19,1
4,5,23,2,3,2,51,52,0
5,2,15,23,1,4,19,42,1
5,5,24,27,2,1,27,46,1
3,5,47,16,1,4,90,100,0
3,2,2,55,1,1,40,17,1
5,1,30,45,3,3,50,8,1
3,3,17,28,5,4,73,71,1
4,5,59,46,3,4,83,77,0
3,4,16,8,4,3,92,96,0
5,5,14,3,2,5,97,99,0
2,4,48,44,5,3,91,98,0
3,3,5,27,5,3,62,66,1
4,4,26,28,1,3,58,62,1
2,2,3,1,4,2,52,61,0
3,1,4,14,5,1,24,35,1
3,3,18,16,4,4,82,89,0
4,4,59,59,1,4,98,85,0
5,5,23,16,5,4,83,91,0
3,2,13,38,2,3,12,40,1
1,4,34,7,3,5,88,77,0
3,1,19,45,1,2,15,22,1
5,1,24,45,3,2,32,30,1
4,5,43,37,2,1,58,56,0
1,1,34,30,2,1,55,52,0
4,1,29,43,1,5,49,48,1
5,5,21,19,4,4,80,99,0
1,5,45,33,3,5,79,97,0
2,5,1,1,2,1,53,58,0
3,4,31,19,1,4,82,79,0
4,3,23,52,2,4,57,53,1
5,4,9,48,3,3,56,56,1
5,2,29,53,4,5,4,28,1
5,5,20,15,4,5,96,90,0
1,1,58,50,2,3,51,55,0
4,4,6,1,4,3,87,80,0
5,5,39,13,2,1,57,58,0
4,3,22,37,4,5,70,60,1
5,4,27,47,2,2,9,37,1
5,5,30,29,2,3,80,94,0
5,5,28,57,1,4,56,68,1
4,1,21,42,2,5,45,8,1
4,4,41,10,4,4,84,88,0
5,1,22,50,5,5,18,2,1
5,4,26,37,5,4,75,71,1
3,1,3,54,3,1,21,2,1
5,4,1,58,4,4,75,61,1
5,1,13,43,3,3,19,32,1
3,2,20,55,4,1,50,43,1
5,1,27,31,4,2,15,13,1
4,1,7,53,4,1,41,47,1
1,4,25,16,4,2,54,72,0
2,2,31,20,5,3,69,54,0
5,5,44,42,4,4,82,93,0
4,1,5,26,2,5,3,23,1
3,4,56,57,4,5,81,95,0
5,5,7,29,4,4,60,53,1
3,4,51,42,1,5,100,96,0
5,3,13,23,5,4,65,71,1
3,5,52,35,2,2,54,56,0
3,3,6,38,2,2,15,40,1
3,5,57,50,4,1,68,55,0
5,5,10,32,5,3,75,56,1
5,5,30,37,4,1,37,47,1
5,2,8,13,5,4,23,42,1
4,4,2,40,5,3,70,54,1
2,2,29,16,1,2,60,72,0
